URL,Phone Number,Email,Date of Scraping
"https://www.plaisirdelaplomberie.fr/","0786486539","plombierversailles4@gmail.com","2024-09-04T08:58:46.880Z"
"https://www.ets-fontaine-yvelines.fr/","0130060606","","2024-09-04T08:58:49.839Z"
"https://www.svc-chauffage.fr/","0699531750","","2024-09-04T08:58:52.318Z"
https://www.plaisirdelaplomberie.fr/,0786486539,plombierversailles4@gmail.com
https://www.ets-fontaine-yvelines.fr/,0130060606,null
https://www.ets-leroy-depannages.fr/,0147167513,null
https://www.pagesjaunes.fr/annuaire/versailles-78/plombiers,null,null
https://www.travaux.com/plomberie/plombier-professionnels/versailles,917017,null
https://m.facebook.com/p/Plombier-Versailles-100094160532317/,null,null
https://fr.mappy.com/poi/5d197bf60351d133c69be7f8,78000,null
https://www.etienne-services.fr/yvelines/plombier-versailles-78000,0188332812,contact@etienne-services.fr
https://www.plaisirdelaplomberie.fr/,0786486539,plombierversailles4@gmail.com
https://www.ets-fontaine-yvelines.fr/,0130060606,null
https://www.ets-leroy-depannages.fr/,202322,null
https://www.pagesjaunes.fr/annuaire/versailles-78/plombiers,null,null
https://www.travaux.com/plomberie/plombier-professionnels/versailles,null,null
https://www.starofservice.com/annubis/ile-de-france/yvelines/versailles/plomberie,null,null
https://www.buuyers.com/top/ile-de-france/yvelines/versailles/plombier,null,null
https://www.pagesjaunes.fr/annuaire/versailles-78/plombiers,null,null
https://www.pagesjaunes.fr/pros/61038573#1725211189;79565c-7gvkd_211189926126076227,null,null
https://www.pagesjaunes.fr/pros/00190906#1725211189;79565c-7gvkd_211189926126076227,null,null
https://atelierduplombier.com/,0188273976,null
http://www.armaniplombier.com/,066659192324,armaniplombier@gmail.com
https://artipro-plomberie.fr/,0140502626,null